<?xml version="1.0" encoding="UTF-8" standalone="no" ?><OSL_Script>

<OSL_ScriptVersion MajorVersion="1" MinorVersion="0"/>

<FtpScriptFile>CleanUp.ftp</FtpScriptFile>

<OsProperties Channel="0" Index="0" 
Description="Ethernet TCP/IP, FactoryCast Module" DeviceName="BMX NOE 0110" 
HardwareId="16#0690_0201" CompatibleWith="16#0690_0101"
DownloadScriptFile="os.ftp" 
Date="d#2022-10-12" 
MajorVersion="6" MinorVersion="70" InternalRevision="03" 
NoUpgrade="0"/>

<OsProperties Channel="10" Index="0" 
Description="BMX NOE0110 WEB site - FactoryCast" DeviceName="BMXNOE-WEB_FC" 
HardwareId="16#0698_2401" CompatibleWith="16#0698_2301"
Date="d#2019-12-03" 
MajorVersion="6" InternalRevision="00" MinorVersion="50" 
DownloadScriptFile="webldrnr.ftp" 
NoUpgrade="1"/>

<!--=== DO NOT REMOVE THIS STRING ===


This XML file contains informations used by Unity Loader.

Unity Loader software downloads files whose extension is '.ldx' that are zipped files
among which a file written in XML format 'Osl.xml' that gives details on '.ldx' content:

It contains as many XML fields <OsProperties ...> as data (binaries, Web Pages...)
to be upgraded contained by the '.ldx'

Each <OsProperties ...> has XML tags describing the data (binaries, Web Pages...) :
- Channel/Index      : Numbers identifying the target to upgrade
- DeviceName         : String naming the target
- HardwareId         : String identifying the target hardware id (format: 16#AABB_CCDD)
- MajorVersion       : Number identifying the major revision
- MinorVersion       : Number identifying the minor revision
- InternalRevision   : Number identifying the internal revision
- Patch              : Capital letter identifying the patch level (if patch)
- Date               : String indicating the release date (format: d[t]#YYYY-MM-DD[-HH:MM])
- Description        : String describing the target
- DownloadScriptFile : String naming the ftp script transferring files on SDcard
- NoUpgrade          : 1 to upgrade or 0 to download only SDcard (default 1)
- ...

Unity Loader uses Index, Channel and HardwareId to distiguish what different
fields <OsProperties ...> address.

Run 

Notice that :
- the XML tag 'Patch' MUST not appear if the patch value is empty
  because the Unity Loader doesn't accept it.

--></OSL_Script>